Price,Close,High,Low,Open,Volume
Ticker,META,META,META,META,META
Date,,,,,
2023-03-27,201.8885040283203,204.89434190908338,200.41545074102171,203.84926426575987,18527200
2023-03-28,199.73861694335938,200.08698119285827,196.97165894282725,199.21110435106297,19127300
2023-03-29,204.38673400878906,204.75499352353694,201.58990262238925,202.60512217791344,18851100
2023-03-30,206.86505126953125,207.11387855844876,201.8686102428606,202.4259809400818,22608300
2023-03-31,210.94581604003906,211.17473288382774,205.80006974339463,206.26786624192704,25440300
2023-04-03,212.0705108642578,212.4885388512506,207.22334536538006,207.8603425627802,17924600
2023-04-04,213.7127685546875,215.22564262061434,211.5429868458595,212.38900564540293,21026400
2023-04-05,210.4879608154297,214.18056419915374,208.95519150856262,213.14543424703638,19396600
2023-04-06,215.0863037109375,215.92235971438376,207.6712387273477,208.26843026535886,26104400
2023-04-10,213.7426300048828,214.64836493411835,209.6718194159604,213.70282432311066,16106100
2023-04-11,212.8468475341797,215.00666636154685,212.40890911992813,214.46919096688868,16710100
2023-04-12,212.99615478515625,215.82282908223397,211.5828176366174,213.8322108132138,18972200
2023-04-13,219.3163604736328,220.11259558285633,214.67821654507077,214.71802222564747,23310400
2023-04-14,220.45101928710938,221.06810607273064,216.52949898072916,216.85795280807292,21591200
2023-04-17,217.83335876464844,219.9434092793781,216.11147820663248,218.75898897403798,15481900
2023-04-18,216.86788940429688,219.40593053219777,215.1957774816206,218.87841794798126,12281000
2023-04-19,214.6881866455078,216.31054546546787,211.93117597017783,212.46865143110782,15898100
2023-04-20,212.0705108642578,215.7332409525059,211.77191510577404,212.47857604073408,16475400
2023-04-21,211.89137268066406,212.40893771146614,208.59690169437602,209.2239513434783,17717200
2023-04-24,211.7918243408203,212.9165285242688,209.72159470294358,212.67764886426204,15750900
2023-04-25,206.57640075683594,210.2689889060037,206.1583727694138,209.8310656719504,19198200
2023-04-26,208.417724609375,213.10563726845726,207.90017479939294,211.50318897041646,41992700
2023-04-27,237.44093322753906,240.55625552795624,235.65933664521174,238.7646961349494,71196500
2023-04-28,239.19268798828125,239.302157408545,234.64411815351386,237.88882032208997,39554000
2023-05-01,242.0392608642578,242.85542162022017,235.3507976508865,237.50065377540756,29143900
2023-05-02,238.1177520751953,243.77110041454424,237.86892480278289,242.0392571311576,24350100
2023-05-03,235.91810607910156,240.6159660732543,231.65818450279187,238.34666262371402,34463900
2023-05-04,232.42457580566406,237.08261491383803,231.83733191833227,234.9526541341907,17889400
2023-05-05,231.68804931640625,233.57913051710213,228.77180096550416,231.15058908887747,26978900
2023-05-08,232.17576599121094,234.51473334429355,229.18983858856006,230.3344380180247,16400500
2023-05-09,232.2752685546875,234.77350399447775,229.99601750847725,230.37423980806227,16865600
2023-05-10,231.9866485595703,235.6394311610159,229.63771845877667,235.06215005629753,19119000
2023-05-11,234.68389892578125,237.09256003458518,231.21028028742745,231.9567620262888,20449000
2023-05-12,232.71322631835938,235.84845920450806,230.36429615334117,235.62948997993087,16155300
2023-05-15,237.73953247070312,239.13295913720881,234.22609255917436,235.8086303848226,20653200
2023-05-16,237.69972229003906,238.515867840056,234.4151992814864,234.68392179887599,18163800
2023-05-17,241.35250854492188,242.69616671435773,237.02290789546825,237.33145128577104,21193100
2023-05-18,245.69204711914062,245.9309115733204,240.05859420416544,240.1680788080682,22943300
2023-05-19,244.4877471923828,247.52344323906496,242.26821196591578,246.3091648203921,21599800
2023-05-22,247.1551513671875,252.38052389620637,243.97015024735015,244.25879837760073,27738500
2023-05-23,245.5825653076172,250.4297156168021,245.49297594907011,245.6522290451414,17748100
2023-05-24,248.04098510742188,248.41919223447994,243.80095866239202,244.12941248469795,17724300
2023-05-25,251.50465393066406,254.4209022460782,248.00116171559304,252.2113148728379,22371400
2023-05-26,260.8108215332031,261.0795440723746,251.5245852215198,251.74353926510716,25727200
2023-05-30,261.28857421875,267.3898248008557,260.06436327693154,264.00577941481623,23816500
2023-05-31,263.4782409667969,263.75692631547395,257.23766349405014,258.78038053593673,25473700
2023-06-01,271.3312072753906,272.71470154543596,264.6427590830665,264.6526915197554,25609500
2023-06-02,271.3312072753906,274.0583749454534,269.84820639191184,271.3809909565315,19405300
2023-06-05,270.116943359375,274.2773279863085,268.295510749762,269.0320297424895,20742900
2023-06-06,269.84820556640625,275.2726524565986,268.42492080511124,268.8728220618882,19419000
2023-06-07,262.36346435546875,272.9634993681727,261.5671989129693,270.39561545536134,26163600
2023-06-08,263.3388366699219,266.3944425296156,257.66559370628426,259.3974216123689,20899400
2023-06-09,263.7071838378906,266.6931114282449,260.47242894834017,261.2487689068552,16938500
2023-06-12,269.7785339355469,270.4752624928421,264.0853643619349,265.9167599340666,15442500
2023-06-13,270.0472717285156,274.42662568433303,267.82772150543565,273.5905696870389,16164000
2023-06-14,272.0677490234375,273.70004015551854,267.06134545688445,270.61460623980014,19175100
2023-06-15,280.5079650878906,282.6578365022489,270.14682353972785,271.02267007942214,25973500
2023-06-16,279.6818542480469,286.49972758840875,278.81594019978445,283.414263334987,43102500
2023-06-20,282.9962158203125,283.4640123003581,274.92427380491404,277.4225093020109,20701600
2023-06-21,280.3188781738281,282.6677931427556,277.05423506540825,282.19999663631,20556200
2023-06-22,283.54364013671875,283.9218624264393,276.48690278855537,277.77082956228554,17563100
2023-06-23,287.3756103515625,288.3112033451979,277.64148846781046,280.1894773602233,50988400
2023-06-26,277.1637268066406,288.43063312942365,276.29781274794044,287.34574985333995,24232700
2023-06-27,285.7034606933594,287.992689813464,279.3334886243804,280.68712477465124,26108300
2023-06-28,283.95172119140625,288.19171699740065,282.7274801517933,283.4839247331237,16722100
2023-06-29,280.2093811035156,285.2257476763586,279.37332507044584,283.16545046570934,15395700
2023-06-30,285.6337890625,287.6940556173731,283.08580044078826,283.4242018574071,19676000
2023-07-03,284.67828369140625,288.0424331420296,283.51378911198844,285.35511693031197,8629300
2023-07-05,292.9891357421875,296.72154487782586,285.0167001086486,286.3006573561467,33865500
2023-07-06,290.62030029296875,296.72155005981983,289.94349738108144,294.5020301613624,47600500
2023-07-07,289.1671447753906,294.8105606037905,287.30592166227655,290.80939867670173,25546200
2023-07-10,292.7204284667969,296.73152314518745,285.7034807016354,294.16360851643054,37058300
2023-07-11,296.89080810546875,298.77192681492375,290.5307673450197,292.52138586793785,27585900
2023-07-12,307.888916015625,307.99841581227344,298.69226957179035,300.3345235261289,36677100
2023-07-13,311.9398193359375,314.7565306398543,308.8344598968248,312.148825735841,30281000
2023-07-14,307.4211120605469,313.4029293780309,305.9181856231809,310.32742795194724,22576000
2023-07-17,309.1629638671875,310.24784733806484,303.28068237415505,306.0974246478158,25323100
2023-07-18,310.586181640625,312.7261204303064,306.17696977172506,309.4216870440371,20764600
2023-07-19,314.52764892578125,317.18510730194566,309.06338112949766,311.56161677383153,21763700
2023-07-20,301.1009216308594,314.05986656964814,300.8023410271928,312.02942734143886,23836900
2023-07-21,292.879638671875,304.02708134664186,289.8339955346659,303.1412721234402,42089700
2023-07-24,290.2420654296875,296.1243457210145,286.9475948140285,294.3925176464592,24915700
2023-07-25,293.08868408203125,296.90070472883343,290.4909114282854,293.8053078788138,19585600
2023-07-26,297.1694641113281,300.35443520853624,290.5307386288225,299.7771692586956,47256900
2023-07-27,310.247802734375,323.82383394912125,308.38657950722336,323.5949019127115,64229200
2023-07-28,323.9532165527344,324.66984031915814,312.77588443356973,315.39355222445687,39220300
2023-07-31,317.10546875,324.1323481985344,316.10019689176113,322.1715881591069,25799600
2023-08-01,321.1961975097656,322.61951263548195,313.1839712460445,316.05046637065453,22817900
2023-08-02,312.8356018066406,316.89647995750096,309.1927668438837,316.5082948275176,20461100
2023-08-03,311.72088623046875,314.4679493022101,308.47616856598734,308.47616856598734,15180200
2023-08-04,309.27239990234375,316.916366310776,308.74488730741234,313.48253785122665,17600200
2023-08-07,315.0750427246094,315.5826600797192,309.00365120796704,311.760676823609,16236500
2023-08-08,311.1734619140625,316.3988348621986,308.6553006481801,312.92518533349585,15183500
2023-08-09,303.7782897949219,312.1588059993001,301.4293748376465,311.41232415491487,19955800
2023-08-10,304.3058166503906,310.8748632631293,302.44459335790685,306.49550897944533,14358900
2023-08-11,300.22503662109375,303.29057513238394,298.9510118768029,301.15066674834725,13967800
2023-08-14,304.7536926269531,304.77358787395633,296.8509360242171,299.5681407740844,15641900
2023-08-15,300.5335693359375,305.7887997220303,298.62256266171255,304.70391654022484,11623600
2023-08-16,292.90948486328125,299.6676108902431,292.8995220537815,298.79176451241966,18547700
2023-08-17,283.7526550292969,294.66123377434315,283.6133275562058,291.67530660740397,23950100
2023-08-18,281.92132568359375,284.3498825166121,273.0929381028541,277.72111972233336,34061200
2023-08-21,288.54010009765625,289.1372916285723,280.5278740456698,282.1203746699717,20181500
2023-08-22,286.2508850097656,291.5260107541378,285.4048662537456,291.17764651643296,12999900
2023-08-23,292.8597412109375,296.0049216263318,286.320583478428,287.14667667048064,18287000
2023-08-24,285.4049072265625,298.0552783933872,285.29543779653994,297.0997900858898,18360900
2023-08-25,284.1607666015625,287.0372246680765,274.73518759423246,284.78781623540743,23701400
2023-08-28,288.8984375,290.08285779345016,284.4593369151262,286.6490291486704,14239300
2023-08-29,296.5921630859375,297.74672534174357,286.82818278081834,287.2263003648559,20844500
2023-08-30,293.7157287597656,296.89076729736024,292.0535491568498,295.77602593765755,17717000
2023-08-31,294.5020446777344,299.6875969448397,294.2731126340071,294.41244012300496,17229900
2023-09-01,294.9897155761719,300.32455776626847,293.0886715524434,297.96568006190887,12819800
2023-09-05,298.7420654296875,299.97626955478205,294.12384630258015,295.6267426160582,14956000
2023-09-06,297.7666015625,301.8772021443766,294.27305731524604,300.2946645076463,15418100
2023-09-07,297.2690124511719,305.60967804170025,290.8492559544384,296.602141921701,33748700
2023-09-08,296.4926452636719,303.8181057312273,295.3878363572217,297.81639301480607,17548000
2023-09-11,306.1172790527344,307.5903475262006,299.8667388198271,299.9961338689429,19489300
2023-09-12,300.2449645996094,307.21212871378674,298.82167979186084,304.8930413632468,13480400
2023-09-13,303.6289978027344,305.73904827782064,299.9065514127019,300.9416510282082,13210900
2023-09-14,310.25775146484375,311.4023508460972,303.59913120744346,305.3011012504276,19343100
2023-09-15,298.9012756347656,310.5364415310595,297.3485958570642,310.14825639942245,28106400
2023-09-18,301.1307678222656,302.17586064275775,296.4030494125245,296.79123455641644,14234200
2023-09-19,303.6389465332031,304.7337925896252,298.40361108349,301.0610996761498,15924400
2023-09-20,298.2642822265625,306.6149095251009,298.02538739527154,303.61901950604306,19379500
2023-09-21,294.3427429199219,298.85149149662203,291.8942608985676,294.3128848647551,21300500
2023-09-22,297.6770324707031,303.94749802972694,296.87083452909513,297.89600168783267,25369600
2023-09-25,299.4188537597656,299.5383163784786,292.3223246667054,294.2532269478099,18987000
2023-09-26,297.5575866699219,298.89129715910343,294.62144318141753,296.26369704779074,19417200
2023-09-27,296.3433532714844,299.8866516148527,285.4447356905557,299.0406630893028,36429800
2023-09-28,302.5341491699219,304.8930269053858,295.30822567161914,297.537708362619,22167100
2023-09-29,298.8017578125,309.1828555537698,297.95573894200606,305.93813793550083,25356600
2023-10-02,305.3807373046875,305.7390339915228,300.2150807818553,301.31985927401985,16265600
2023-10-03,299.5283508300781,305.3309900577834,298.23446102955893,302.8327846391416,17362300
2023-10-04,304.1465148925781,305.46033007987893,297.0997404437822,297.32867245161236,16880500
2023-10-05,303.3602600097656,304.77358187976694,298.0950665235925,303.20100691360363,19130000
2023-10-06,313.9503479003906,314.82622478441607,299.4984704372424,300.02598305497264,21784000
2023-10-09,316.8665771484375,318.82733720781846,310.3572777782231,311.0340806478515,22503700
2023-10-10,320.3302917480469,323.1370708282648,316.6675613824087,317.6230496572654,19038000
2023-10-11,326.2822570800781,327.297461491469,321.43510631653925,321.4948224363608,22036300
2023-10-12,322.639404296875,328.9894812698115,321.176298692219,326.4613876290649,20530500
2023-10-13,313.2138366699219,323.52522481264265,310.904712168084,322.012365849934,21341000
2023-10-16,319.6435241699219,320.3103946583305,314.03992885297436,317.1453188836478,16536100
2023-10-17,322.4801330566406,322.87825060281386,315.81155025415745,316.6874270803916,16387800
2023-10-18,315.483154296875,324.41107892146374,314.07976469792465,319.88243426925715,16851000
2023-10-19,311.3426513671875,320.3800754178104,310.2876261029342,318.3794943155827,18709200
2023-10-20,307.2021484375,313.8209478947954,305.03238188372967,312.66641606529106,22287400
2023-10-23,312.5370178222656,315.8712789822451,305.81868144861016,308.048164095756,17796800
2023-10-24,311.0838623046875,316.85667359232696,309.1728857486877,315.294030938864,19525500
2023-10-25,298.1249694824219,309.4217352054743,297.43820369059677,308.5458582318755,42192500
2023-10-26,286.9974060058594,293.61620592903563,278.08937676095405,293.61620592903563,66684100
2023-10-27,295.33807373046875,297.9059577876648,291.59570187635046,293.09862830435657,29596300
2023-10-30,301.2402038574219,307.9485763137536,297.647122831881,297.6869436938465,28435100
2023-10-31,299.85675048828125,302.2554489751464,295.4674338753294,301.8871894817279,19434200
2023-11-01,310.38714599609375,311.27295529207805,300.4340550895294,300.4340550895294,20434600
2023-11-02,309.4117431640625,317.3244628661548,306.8836494789848,315.8115735548844,21631800
2023-11-03,313.1242980957031,314.0698236644976,309.56107394859646,311.0838958957041,16754100
2023-11-06,314.318603515625,316.8367343387527,312.9749605221039,314.4977822392614,12887700
2023-11-07,317.324462890625,319.4942294957813,313.6418069740816,315.57270910877634,14055600
2023-11-08,318.2799377441406,319.8226546749476,313.4029293062361,316.64764664068247,13609700
2023-11-09,319.04632568359375,322.65930264250363,317.3045347267746,317.92165189456364,16103100
2023-11-10,327.2277526855469,327.55622168900237,317.9614276546455,318.43918694402515,19096200
2023-11-13,327.6457824707031,330.77103703454463,324.17216367099354,324.6698181866847,16908900
2023-11-14,334.7323913574219,336.5140030999855,331.76635938999215,332.9707052359157,17179400
2023-11-15,331.1492614746094,336.8125723298676,328.4718777328685,336.34477586710636,14531200
2023-11-16,332.622314453125,333.0104691652911,324.8489536558696,327.8249178220162,18932600
2023-11-17,333.4683837890625,333.92621749002217,327.8050723352092,328.7108073003068,14494400
2023-11-20,338.375244140625,340.2663254015602,332.6223586182126,333.31908715486327,16960500
2023-11-21,335.3992614746094,338.30554695046993,334.32431066891235,336.7429044200972,12027900
2023-11-22,339.8880920410156,341.31140712685965,336.9917389389294,337.61878852667485,10702700
2023-11-24,336.6434020996094,340.25634855661747,335.1902289687512,338.5344832825469,5467500
2023-11-27,333.12994384765625,338.30553256901203,332.632289333617,334.60298176958304,15684500
2023-11-28,337.39984130859375,337.7880264594292,331.83606676759354,331.83606676759354,12637200
2023-11-29,330.6416931152344,338.3055549129589,329.2283408372704,338.0965485080961,16024500
2023-11-30,325.6153564453125,331.9355751199318,320.8876383588967,330.3331420956273,23146400
2023-12-01,323.29632568359375,325.32673448183385,319.2553729609138,323.95323336811543,15264700
2023-12-04,318.5188293457031,319.35488540277703,312.1886776102471,315.8016547538193,19037100
2023-12-05,316.7969055175781,320.37006113079514,313.9105155343486,317.4836711475656,16952100
2023-12-06,315.9609069824219,320.7383788307514,315.55282657931986,320.41987260768275,11294300
2023-12-07,325.0579833984375,326.7002372783023,316.2793501686438,316.2793501686438,15905100
2023-12-08,331.1890869140625,331.6071300804727,321.48482366113353,321.5743978308453,14077500
2023-12-11,323.754150390625,328.3425412434348,318.4989194349257,327.85481911844187,25802500
2023-12-12,332.65216064453125,332.90098788364736,323.03747248015424,323.0772933432501,18485500
2023-12-13,333.1697692871094,336.7827462979258,331.07964440843716,332.36357131975313,16353300
2023-12-14,331.60711669921875,333.12993827171306,327.0983680924674,332.28391953712276,19607300
2023-12-15,333.3489685058594,337.07141517033705,329.6663123395414,330.43268948386736,30001600
2023-12-18,343.00341796875,345.92962915941496,335.43906271651696,335.89692677315173,18993900
2023-12-19,348.71649169921875,351.94131393033064,343.50108158543,343.95891527972447,17729400
2023-12-20,347.6415710449219,353.29491960262146,346.1585701638808,347.0145214343162,16369900
2023-12-21,352.4289855957031,354.7381099321862,347.5718724653155,351.324207105706,15289600
2023-12-22,351.7322998046875,355.5244250713496,349.57246567835153,353.9119988039421,11764200
2023-12-26,353.1654968261719,355.3054355830845,351.79199585176616,353.32474991909316,9898600
2023-12-27,356.1514587402344,357.3159838070823,353.643290624348,354.3997352959561,13207900
2023-12-28,356.6391296386719,360.2023225086019,356.1315123267668,358.01266092423595,11798800
2023-12-29,352.299560546875,358.31123533341764,350.1696151093135,357.3059635366957,14980500
2024-01-02,344.6656188964844,351.5033879930597,338.4150785617212,349.67202277628337,19042200
2024-01-03,342.8541564941406,346.3178433959891,341.57019913944475,343.36177389878395,15451100
2024-01-04,345.4916687011719,346.5168357961971,341.7891178617216,342.88396387932653,12099900
2024-01-05,350.2990417480469,351.8417586673994,344.6357306708017,345.3622868572737,13920700
2024-01-08,356.9775695800781,357.2960757856238,350.39856055827886,353.0361540033264,13890200
2024-01-09,355.7533264160156,358.94829051539614,353.6930292770335,354.7281592519616,13463900
2024-01-10,368.7321472167969,371.19056180026377,357.39556248845037,358.48047608905665,22117200
2024-01-11,367.9359130859375,371.031309678701,361.2275093758464,370.3843648654452,17205400
2024-01-12,372.7332763671875,375.29122791522275,367.80651479496834,368.42360154598225,19295700
2024-01-16,365.73626708984375,373.84803004042226,365.5073654404121,371.89723274281795,15306900
2024-01-17,366.64202880859375,366.811244729802,356.92780172958845,364.5817315665266,12724800
2024-01-18,374.3656005859375,375.08222432217764,369.2099069589327,369.74735198029634,16354300
2024-01-19,381.6512756347656,382.5569801603824,376.19697098789175,377.2221381166091,21470100
2024-01-22,379.9891052246094,388.518911461999,379.3720184453727,386.13017570793755,17680500
2024-01-23,383.3930969238281,386.5581727325682,380.2877068597395,382.8158006068581,15506100
2024-01-24,388.8673095703125,394.29172638774037,385.99085145451096,388.1705809931187,15698500
2024-01-25,391.33563232421875,393.63479396036314,383.8509186801979,388.33977252906254,15091100
2024-01-26,392.2911682128906,394.92873142081856,389.7531116217552,392.50017463234997,13163700
2024-01-29,399.1388244628906,401.0398683941151,391.25599379327485,393.13711210386117,18742400
2024-01-30,398.1833190917969,404.45375368898425,397.6956273979593,401.69675867313003,18614700
2024-01-31,388.3099060058594,396.1330209350547,385.2841578436275,387.17523905461377,20180800
2024-02-01,392.9281005859375,398.62126949507626,391.2062050163731,392.09204463941774,29727100
2024-02-02,472.7618713378906,483.68041364889706,450.88499622048204,457.44407970616504,84615500
2024-02-05,457.2549743652344,469.68637576902626,457.06586319921274,467.6758622466783,40832400
2024-02-06,452.5869445800781,464.9287710564939,450.8750117531467,461.823411597042,21655200
2024-02-07,467.38720703125,469.3081463471615,454.0401080581231,455.8515779503202,23066000
2024-02-08,467.7952880859375,468.382516823923,462.8486005267327,466.1231760481729,18815100
2024-02-09,465.91412353515625,471.3684282830897,465.27714151226303,470.7314462601965,18413100
2024-02-12,466.7004089355469,476.9023267300807,464.39128464243504,465.99374801266606,19382000
2024-02-13,457.9616394042969,465.69521090846155,452.9552356148208,454.7268846797497,20916600
2024-02-14,471.05987548828125,471.8859686517295,463.9036008442123,465.7349658882902,16858400
2024-02-15,481.75946044921875,486.32792555423873,470.00486245718605,473.05050586053267,24212300
2024-02-16,471.0997314453125,476.71325922417026,467.00899506775255,475.8672403766746,23306500
2024-02-20,469.53704833984375,473.94626017906677,464.37139189635786,467.51657216609806,18015500
2024-02-21,466.3287658691406,467.2952412517482,460.11145725084464,464.8043284518988,12977100
2024-02-22,484.3630065917969,488.20896156578334,474.3296019984396,478.49440112549854,21625800
2024-02-23,482.2706298828125,492.5630686643995,480.5967437022228,486.27600690207765,18374300
2024-02-26,479.9889221191406,484.3729529627836,478.8530816963061,481.71264471932983,12101400
2024-02-27,485.2796630859375,485.4988646482763,478.17560468435295,478.23538416438595,10809600
2024-02-28,482.2606201171875,489.26506548655226,480.99524739875187,483.2370688521899,12715500
2024-02-29,488.34844970703125,489.91275027049954,480.8557644127886,486.66459019212726,17732000
2024-03-01,500.4742126464844,502.4171368903274,490.06221486567847,490.3212491333128,16273600
2024-03-04,496.379150390625,502.586516144982,494.6155950432643,501.1716642705007,12324100
2024-03-05,488.4381103515625,493.7786127996676,486.11659300084636,493.20073440898324,15325300
2024-03-06,494.2867736816406,501.14177064094855,492.49332861034173,495.82118449566786,11757900
2024-03-07,510.3282470703125,517.9603770393106,499.55754268597104,501.45063030973444,18586400
2024-03-08,504.1109313964844,521.666879485072,497.534915695739,512.3209700396873,18575200
2024-03-11,481.83221435546875,495.51231867269087,474.2698065924255,495.2034479118539,20428300
2024-03-12,497.9334716796875,500.48416396951666,482.9680784347282,491.4670717425797,15448200
2024-03-13,493.7687072753906,499.15904663232277,489.24520077355606,493.58936883778136,12090700
2024-03-14,490.0422668457031,499.52768269849116,486.38562370950075,498.4416483149513,12620000
2024-03-15,482.3403625488281,490.04224549611934,479.5505219579901,487.2325189558485,29141700
2024-03-18,495.1735534667969,495.61195655671753,485.04050671141175,490.12197495792776,11755300
2024-03-19,494.43621826171875,494.8248152543735,479.5306045549658,486.3955748386632,10903100
2024-03-20,503.6824951171875,506.35277680404414,493.37014023346006,497.68438791493736,11711100
2024-03-21,505.91436767578125,513.1678741926243,504.1707286998775,512.8391174856022,9712500
2024-03-22,507.72772216796875,508.1163191581985,502.5067786929755,505.1571135489534,8117000
2024-03-25,501.19158935546875,505.3763351694112,498.4216954406482,503.95154029526157,8380600
2024-03-26,494.0875244140625,508.1462219597566,493.40997300906133,503.2939285876756,11205400
2024-03-27,492.0648498535156,498.0729605500461,486.2959178622916,497.4850783877788,9989700
2024-03-28,483.8149719238281,491.0984290807041,483.38654221067395,491.04859257964944,15212800
2024-04-01,489.5639953613281,495.62188175816783,480.0287741074697,485.4290862996602,9247000
2024-04-02,495.5621337890625,495.72155586314705,482.8883677625335,483.3367442463119,11081000
2024-04-03,504.8980712890625,505.3962538689054,496.9371233933013,497.1164618244484,12099200
2024-04-04,509.0628662109375,528.0734987883939,508.7240753217877,514.5428438105827,26476300
2024-04-05,525.4232177734375,528.7709900364625,512.5401630444132,514.9812697911904,19242000
2024-04-08,517.3626098632812,529.5581097041235,517.0039330005043,527.3561816187679,13260600
2024-04-09,515.0211791992188,523.9585455577184,504.8980750460345,520.3317617542822,10881400
2024-04-10,517.9404907226562,520.6605480051569,503.9614590777392,507.4387939785179,11418500
2024-04-11,521.2583618164062,521.9558295796515,515.4097032879945,519.2158254344968,10369500
2024-04-12,510.039306640625,518.2991821255071,507.4786409454992,515.8680487630246,11944900
2024-04-15,498.4117431640625,516.6452434055009,495.4724538488081,514.8417641277158,13512900
2024-04-16,497.9434814453125,502.93525041440466,495.303089343367,496.29945454209275,9847900
2024-04-17,492.373779296875,501.3310922605612,485.36933351230493,501.2713127841246,12193700
2024-04-18,499.97601318359375,510.34820830690745,497.22606608419835,498.00322967417003,14808700
2024-04-19,479.3213806152344,500.972375440201,474.00079446729563,500.972375440201,25111000
2024-04-22,479.97900390625,490.22163662938425,471.67926501906925,487.9399518780483,17271100
2024-04-23,494.2967224121094,496.94705717447283,487.1926345245934,489.46434569138364,15079200
2024-04-24,491.7062072753906,508.14623244265294,482.8186166545257,506.2132815965154,37772700
2024-04-25,439.7756652832031,444.1496925847887,412.99336454601143,419.86827816399943,82890700
2024-04-26,441.6786804199219,444.81722430927516,430.3898471484401,439.85531531399215,32691400
2024-04-29,431.0474548339844,438.1615160803969,427.00221505307695,437.9622309022969,21502600
2024-04-30,428.6064147949219,438.0220473247672,428.1580383096976,429.48319059523675,18429500
2024-05-01,437.5935974121094,448.3244387572749,425.55748979180964,427.0420944900981,20344900
2024-05-02,440.0745544433594,442.3462657809091,430.7087280659752,437.24488105143956,15221300
2024-05-03,450.31719970703125,452.5191886547996,442.2366926660808,444.3091188683102,16489100
2024-05-06,463.9873352050781,464.46560144352185,451.6921923874553,453.9240406868875,15094600
2024-05-07,466.53802490234375,469.8160748777237,459.63322146185084,464.59513103388576,13406800
2024-05-08,470.8822021484375,473.85135100024047,461.31709009536706,461.81527269806185,11683900
2024-05-09,473.6919250488281,474.34949927894843,465.93023214661764,468.29161264745665,9437700
2024-05-10,474.4691162109375,475.7643787968333,467.8930998677031,475.355865419644,10750000
2024-05-13,466.3088684082031,471.62945471547624,461.16762053219,471.0316295379581,14668800
2024-05-14,470.1348876953125,470.8223820602672,458.40765077909236,461.68570053595545,10478600
2024-05-15,479.7896728515625,480.74617486177766,469.48726106394446,473.2535200362329,13100500
2024-05-16,471.5098876953125,475.9536677204274,471.0316214801493,473.27344305250324,16608200
2024-05-17,470.1947021484375,471.0814513592593,466.7173973529921,469.1186107116518,10807300
2024-05-20,467.1358337402344,471.4800016099991,465.3423886311172,468.2418148692893,11745100
2024-05-21,462.941162109375,468.9891060973983,460.5897244545208,465.4221016970654,11742200
2024-05-22,466.0796813964844,471.9980927279,463.9574187949519,466.16935060979057,10078600
2024-05-23,464.0869140625,472.6357128547539,459.86233595978376,471.16111203373316,11747900
2024-05-24,476.4817199707031,478.10579995092274,464.60503458401325,465.92024381535487,12012300
2024-05-28,478.1755676269531,479.1121228771075,473.11401572762514,474.8476813275343,10175800
2024-05-29,472.6357421875,478.10580735499315,471.9781679682956,472.9346699665159,9226200
2024-05-30,465.3523254394531,470.0153373933379,463.0208346658362,469.95555791760296,10735200
2024-05-31,465.1331481933594,467.41483299195215,452.80811566012204,464.10689326409187,16919800
2024-06-03,475.75439453125,477.8567408480421,466.53801672351005,469.14848859966503,11279400
2024-06-04,475.2562255859375,477.14934378555586,471.5099131217489,475.26619896803635,7088700
2024-06-05,493.260498046875,494.84471488804246,482.1510333966867,482.68907905808396,15690500
2024-06-06,491.9652404785156,500.992305833128,489.10567751255263,491.188076918405,10667300
2024-06-07,491.16815185546875,497.09653661265514,488.3883150022529,494.10744118684374,9380700
2024-06-10,500.7731628417969,500.832942322129,491.61656408887325,492.064910191364,11236900
2024-06-11,505.62542724609375,505.75495958151856,496.4588556425314,498.34200038373547,9673700
2024-06-12,506.99041748046875,512.141638463432,502.63630682722663,512.1216917010327,11983200
2024-06-13,502.2676696777344,507.50852960132505,499.537608536514,503.8718029468352,9954600
2024-06-14,502.8262023925781,505.80828233509834,499.42522020615223,501.32018749550235,10243300
2024-06-17,505.2896423339844,509.3987374114916,494.6977439414019,500.3427732497189,11266600
2024-06-18,498.1685485839844,504.6613355859566,493.71037311736205,503.2251427888674,13060400
2024-06-20,500.3727111816406,502.3375005534766,495.45573089177043,500.67190532482755,11801200
2024-06-21,493.4710388183594,502.1181153843255,491.0873774845861,502.1181153843255,23130700
2024-06-24,497.590087890625,506.4565526889867,492.98231542757276,497.879329189251,13525300
2024-06-25,509.2491760253906,509.3588704025715,494.18911810475925,495.73500529039063,12109800
2024-06-26,511.7624816894531,512.4506586561395,503.34480817062513,505.3095975439335,8882300
2024-06-27,518.1854248046875,521.4966485589007,512.5404259555387,512.8894756293444,10121200
2024-06-28,502.88604736328125,520.4993300901835,502.5070478134148,515.7818631585335,15855100
2024-07-01,503.3448181152344,505.2397854135722,491.8652895125617,503.6141232864657,10328200
2024-07-02,508.1520690917969,509.149423496295,498.12866950132707,499.4352013362723,7739500
2024-07-03,508.61083984375,509.927354952818,504.68126108406693,505.0303412104344,6005600
2024-07-05,538.4816284179688,539.4391106295718,510.246556070779,510.246556070779,21354100
2024-07-08,527.9196166992188,541.3739172645955,525.2566976048726,540.9151123448542,14917500
2024-07-09,528.5977783203125,536.0579689951438,526.7925694745807,532.3378569405033,8753200
2024-07-10,533.275390625,537.4543077142633,526.9621206539213,529.3856843777168,10983300
2024-07-11,511.34356689453125,534.0433607291557,507.02500568774724,529.485444227768,16458300
2024-07-12,497.5501708984375,506.7457794296081,492.92246243757324,496.4431221547364,19750500
2024-07-15,494.8473205566406,505.33947699262376,492.06469349562315,497.3107869320338,12539200
2024-07-16,488.49420166015625,502.6167430835234,484.5047842107364,500.1732127210178,14075800
2024-07-17,460.76776123046875,477.9023333900859,457.9053588995914,477.9023333900859,28076600
2024-07-18,474.5910949707031,477.97211054275687,463.31101919766354,473.74333764754465,19267200
2024-07-19,475.52862548828125,485.4223643535943,474.4514656631318,474.8005457997421,15149400
2024-07-22,486.11053466796875,490.7582098836229,482.61979422348026,485.29269674470385,12023100
2024-07-23,487.3971252441406,493.9098482730073,486.42969025653684,488.54407671929795,9455500
2024-07-24,460.0496520996094,475.0398874805375,459.36147513020455,471.06045317324583,17649700
2024-07-25,452.21044921875,462.3236067182569,441.4789064419887,462.0343958650566,18240500
2024-07-26,464.46795654296875,468.5271658214887,458.2045721245555,462.97192494204035,14222400
2024-07-29,464.4779052734375,472.70607900562055,463.78972830816224,468.63688647936897,11339600
2024-07-30,461.964599609375,471.4793693679955,455.49177911608064,465.7645175423859,11390400
2024-07-31,473.57379150390625,475.2393867973792,465.515181086415,469.7738735533383,24285800
2024-08-01,496.42315673828125,525.7752886817411,490.79809389196134,519.621629234288,43083100
2024-08-02,486.8486022949219,499.82416263155864,474.89030207489265,487.70631248838725,24044700
2024-08-05,474.4714050292969,482.2009013908008,449.60733747248656,450.15590063766496,21396200
2024-08-06,492.7828369140625,501.2304299864576,477.3836823846658,477.73276251562584,20955000
2024-08-07,487.6264953613281,508.80030843555227,485.57191742722586,501.798891953922,20105300
2024-08-08,508.2817077636719,508.610821310526,493.4111505917444,496.1837944972908,16156800
2024-08-09,516.400146484375,516.9686457304114,504.3620729861511,506.3667343975276,13696600
2024-08-12,514.5849609375,516.6494916340242,507.7530779259636,515.4925265619871,9767400
2024-08-13,527.1416625976562,530.0938534798205,516.7791968434872,518.634261382388,13743800
2024-08-14,525.366455078125,532.5872917660244,521.7460534495959,526.663003726039,11444200
2024-08-15,535.9085083007812,538.3420557056077,525.3066251399796,530.3831254346013,13482100
2024-08-16,526.024658203125,532.2481401275614,523.2719502272357,530.4928474587254,14776700
2024-08-19,527.8798217773438,530.2534694961323,521.3770509232963,525.4761633303383,9879700
2024-08-20,525.33642578125,529.6849369159322,524.4886989518025,526.9521349229415,7944400
2024-08-21,533.744140625,537.9729743095602,525.5359335970294,525.7553832138777,13423300
2024-08-22,530.522705078125,542.7901517087026,527.1915755568373,535.5792990612545,15708300
2024-08-23,526.6030883789062,538.4416794541969,523.6708642018493,535.4994719940111,11323900
2024-08-26,519.7413330078125,526.6031363206736,513.5876732511208,526.2041702012604,9584000
2024-08-27,517.7266235351562,522.6236675283147,513.9466724281382,517.606945881941,6282700
2024-08-28,515.412841796875,519.7114368738459,511.09428015210347,516.3004409587714,9106100
2024-08-29,516.8489379882812,525.8052213752129,514.3156798736528,517.6767591369255,8317400
2024-08-30,519.9308471679688,522.1549281173368,513.837026073228,519.9707194315399,9157500
2024-09-03,510.4060974121094,524.0997538426082,507.2743899868656,518.2652549529001,12459100
2024-09-04,511.38348388671875,515.2233348401941,502.73643830752104,504.73114710194517,8335200
2024-09-05,515.4925537109375,520.2499534305978,509.79766890602514,510.36616818924125,8640900
2024-09-06,498.94647216796875,523.1921855093276,496.9318272475794,520.4993164684229,14744500
2024-09-09,503.45452880859375,509.9772045756239,500.751676509204,504.82089944691495,11047800
2024-09-10,503.45452880859375,512.8196706618348,498.70711219354445,506.81560821803276,9899000
2024-09-11,510.47589111328125,511.7624868165202,494.2888486189147,505.6686660188839,10782500
2024-09-12,524.2094116210938,525.3165211916474,513.856868803379,515.6820442723355,11993300
2024-09-13,523.2320556640625,526.1842465755389,515.7419144489008,518.9634105254878,10321400
2024-09-16,532.3765869140625,533.1951441126126,516.5234847252611,523.6513423732874,9527600
2024-09-17,535.411376953125,541.1815528247878,529.6711185711189,536.6891766997394,11690800
2024-09-18,537.0386962890625,543.278108456814,532.9955693907114,536.1601821813024,10323500
2024-09-19,558.15283203125,561.1178323859846,545.5941870565406,549.0682722628771,15647000
2024-09-20,560.3989868164062,563.5436747416974,555.3575542597183,559.0512982379992,22066800
2024-09-23,563.4537963867188,573.0075909949846,561.4571846215243,568.535200139111,12830700
2024-09-24,562.3756713867188,566.7881663385376,553.251140972108,565.7199717295323,12993000
2024-09-25,567.34716796875,575.9026560047768,562.764917527023,563.0943755026146,16543400
2024-09-26,566.8779907226562,576.421791707134,561.3972407130617,574.7545771548597,14400800
2024-09-27,566.3988037109375,569.8729495717097,563.5536563544842,569.1341520453253,9398400
2024-09-30,571.47021484375,573.706410244188,563.8431433708773,566.7382547675098,12792300
2024-10-01,575.4933471679688,582.052223949219,569.1341437441329,577.0007987585797,15259300
2024-10-02,571.839599609375,575.0241978646806,568.3755073868431,573.8861145161185,6524700
2024-10-03,581.78271484375,582.3716811685491,567.7664618304881,569.1840999965109,11581000
2024-10-04,594.930419921875,595.8388514800449,580.4449915774629,582.7410829589448,14169500
2024-10-07,583.7893676757812,601.9285692599291,583.0505701091017,597.2065408042621,12014200
2024-10-08,591.8855590820312,592.5544069282686,584.9772388569517,588.6909682347708,7857400
2024-10-09,589.5095825195312,593.383013995398,580.6246363035814,592.9836672926635,9529700
2024-10-10,582.8408813476562,589.2300017888213,581.5331032114448,586.5745352205768,7740400
2024-10-11,588.9505615234375,590.2084366715601,581.722836757389,583.8392403320302,8587100
2024-10-14,589.419677734375,599.0832703101336,588.9604960748801,593.21322748736,8252000
2024-10-15,585.2767944335938,589.609407732317,579.1571746540536,589.1601579101996,9564200
2024-10-16,575.8128051757812,581.0938820809059,573.0575322321221,580.4150414195622,11268400
2024-10-17,575.9525756835938,583.9789326282403,574.2255260943747,582.3417573737693,8701200
2024-10-18,575.4933471679688,582.9806410828543,574.2754432717226,580.1155081526317,7694300
2024-10-21,574.1856079101562,576.2621012910602,568.1458692618588,575.0541901204554,8171900
2024-10-22,581.0239868164062,582.5414311786456,571.150727517959,573.3170341117068,8544500
2024-10-23,562.7350463867188,584.0089423449544,561.5470599470716,578.9874344994295,14248400
2024-10-24,566.818115234375,567.9162272782188,560.568710969321,566.1691920700792,7184700
2024-10-25,572.27880859375,580.3051654129531,570.7513714491723,572.9576492363118,11337900
2024-10-28,577.1804809570312,582.7610374446309,573.147347275715,581.0140022146043,10925100
2024-10-29,592.2749633789062,592.6642563781992,574.4252487176307,579.1672018209299,13019100
2024-10-30,590.79736328125,600.18146222204,588.3814802937598,599.961803260404,26864900
2024-10-31,566.6184692382812,588.9006638234266,562.0562040483729,584.0089406317576,26838400
2024-11-01,566.1990966796875,572.6980772551971,561.6069143240354,566.6483464807679,15303200
2024-11-04,559.7301635742188,567.7266038519388,556.9449119547328,563.144352806453,12064600
2024-11-05,571.460205078125,572.5084140245058,565.7099536866323,566.3388912408113,9775400
2024-11-06,571.0808715820312,572.0292743628759,554.229463302176,561.7966390012363,18305400
2024-11-07,590.6976318359375,593.7923558507847,574.2355767751123,575.9127234281675,14653700
2024-11-08,588.3416137695312,592.0951926933623,583.5297721190619,590.5378379587844,9415700
2024-11-11,582.1820068359375,586.00553531121,575.5333166694651,585.366604942105,10209100
2024-11-12,583.8292236328125,598.6440480490492,579.3967433041139,587.5428920783899,16287700
2024-11-13,579.0173950195312,584.6478546567904,574.1955606863224,581.6229586734983,10757600
2024-11-14,576.1821899414062,579.7761276375875,572.0392571340474,576.0224878119504,11053700
2024-11-15,553.141357421875,571.6000240070317,550.5657111050427,570.252274465218,17712900
2024-11-18,553.4608154296875,558.9514978806496,549.1581194372038,556.0962966980143,14346700
2024-11-19,560.1394653320312,560.4788552047905,549.6671856118743,550.9250607524925,9522400
2024-11-20,564.5619506835938,565.390500678348,553.2611210117975,561.9763116905509,9797300
2024-11-21,562.1360473632812,569.0343137249589,548.1197947446825,568.555146432614,11154700
2024-11-22,558.1927490234375,562.8748059092092,553.650469580645,562.5952510232509,9164000
2024-11-25,564.152587890625,571.6199568654145,555.4473903786079,561.1476776202871,13599800
2024-11-26,572.5682983398438,576.5216113243557,564.2424619188627,565.0410943888924,10356600
2024-11-27,568.2356567382812,574.0058324070926,563.1442607498313,573.9160190095296,7200200
2024-11-29,573.3470458984375,577.4800469055187,565.9396332575727,568.0360512532919,7130500
2024-12-02,591.82568359375,593.4928373290564,574.5949145977398,576.5216376072835,12522400
2024-12-03,612.6104125976562,613.1594686318281,590.2483370618503,593.9919840199593,14907200
2024-12-04,612.7401733398438,616.7333966061125,604.0748252320993,611.9215552584485,14697000
2024-12-05,607.8983764648438,618.8498233695451,606.0215565844734,616.0345935489895,8081200
2024-12-06,622.7132568359375,628.7230165931262,607.4990854973933,609.0663720551125,16935500
2024-12-09,612.530517578125,625.3387984829403,605.143030037455,622.8629585822455,11426000
2024-12-10,618.2708129882812,624.5302104357933,611.7019431511976,616.5137848674528,10938900
2024-12-11,631.608154296875,637.318495591936,620.4770803388628,622.3139290288647,10837200
2024-12-12,629.7213745117188,635.5814254356923,626.1474831596408,630.4301936561714,7474700
2024-12-13,619.299072265625,630.0109365523356,615.8449726718511,626.1574292737397,8453300
2024-12-16,623.6851196289062,630.5890116598864,618.0301774865133,629.420007736044,10885600
2024-12-17,618.889404296875,631.8079039629248,615.9919576111723,625.613402725808,12897800
2024-12-18,596.6591796875,626.8023454819172,595.7899578806528,620.4480133143085,17075500
2024-12-19,595.0405883789062,610.9764221710803,594.4710877502442,609.8474217814187,14958100
2024-12-20,584.7297973632812,602.5739077699969,579.4844638542556,590.0550768385264,48989400
2024-12-23,599.3167724609375,600.5557214561685,585.7288858135305,589.0758836258183,10205800
2024-12-24,607.2097778320312,607.4495547417749,598.7473359909974,602.18421967186,4726100
2024-12-26,602.8136596679688,605.7610496183185,598.4076065348586,604.9417711960614,6081400
2024-12-27,599.27685546875,601.3150202583132,589.2757431165518,598.8771866170372,8084200
2024-12-30,590.7144165039062,596.4093617724204,585.059474705781,588.226639708199,7025900
2024-12-31,584.9895629882812,593.4420040553556,583.3310043759192,591.7435639321293,6019500
2025-01-02,598.7073364257812,604.3722793886026,587.2975045360681,589.1957790711948,12682300
2025-01-03,604.092529296875,608.9581953145173,595.8798046163633,604.2224186140523,11436800
2025-01-06,629.6398315429688,630.429107364017,605.0816634693568,611.2861653941472,14560800
2025-01-07,617.3407592773438,631.5380886830453,607.6893121042956,631.1384808399608,12071500
2025-01-08,610.1771240234375,615.8920714343907,602.2541800285583,612.8547955325016,10085800
2025-01-10,615.3125610351562,629.3500601048015,596.8090645204555,609.4877870994305,19256600
2025-01-13,607.789306640625,608.4286914350151,597.9180835402799,606.5603584516555,10785000
2025-01-14,593.7218017578125,604.9518013433293,588.0268559982835,604.5321917343676,13598000
2025-01-15,616.5714721679688,621.9067525765506,605.9609165618788,609.6676409065044,15524300
2025-01-16,610.756591796875,615.7022038454446,609.1680393269272,610.9564262093133,8355300
2025-01-17,612.225341796875,624.4144487016482,603.1333939973155,623.4952835439785,17280600
2025-01-21,615.9120483398438,620.9475463117574,608.4686584766922,617.2808256632173,11674000
2025-01-22,622.94580078125,633.1367466870842,618.8794110911601,622.745966355468,12274000
2025-01-23,635.88427734375,636.0341074215171,620.597889576449,626.8023305338492,9910200
2025-01-24,646.9144287109375,651.4204294754496,633.6362643025149,635.8343208926308,19065300
2025-01-27,659.29345703125,663.2799006811211,624.5443426754407,626.0530102379722,28399200
2025-01-28,673.7305908203125,681.9732572201489,658.8837538443346,665.4079784595224,20950100
2025-01-29,675.888671875,680.4446161433896,665.0782822378817,674.4000060630054,21377800
2025-01-30,686.3893432617188,710.1581749857351,675.4990076007216,696.200621832455,29322900
2025-01-31,688.5673828125,704.6730489182394,684.9706072332008,690.3857723381032,19331700
2025-02-03,696.840087890625,703.3742528890535,674.649807192235,675.3091937227201,21415700
2025-02-04,703.5640869140625,707.0809776947289,690.995251505304,701.8755866223114,13826300
2025-02-05,704.2434692382812,717.5016936715592,698.3886925528532,702.9246352066622,17778200
2025-02-06,711.3571166992188,718.2610086889607,702.8746730458445,705.2525623903425,13080700
2025-02-07,713.8848876953125,724.3655534509123,711.1173304150035,716.162829309228,16427100
2025-02-10,716.7623291015625,720.558939093694,710.697717393577,717.9212711485029,12904300
2025-02-11,719.16015625,723.0167104534308,709.4088221751414,712.6859358478964,12998000
2025-02-12,724.7352294921875,726.4536713486742,711.9665601009159,714.6641723225413,12016500
2025-02-13,727.9124145507812,728.3520258945355,717.4017457743258,720.8786940316196,12569100
2025-02-14,736.0151977539062,740.2514192957425,724.9750316832167,725.4945889979003,16901200
2025-02-18,715.7332153320312,736.3448822468013,705.8120494058986,735.3457711447024,21938700
2025-02-19,703.1444702148438,706.37157970015,694.7719139390767,703.4741329865286,17535500
2025-02-20,694.222412109375,705.0027993686539,693.0234665438812,696.6602457328806,12587400
2025-02-21,682.9423828125,703.2443277596083,681.7534381597311,695.9608297659651,15660400
2025-02-24,667.5361328125,686.6591347238324,661.8611888382964,685.6700244492644,15677000
2025-02-25,656.9155883789062,667.406255569748,641.2894751849396,665.3780306420172,20579700
2025-02-26,673.1011962890625,682.4029186886339,657.4151389833991,659.0636967789872,14488700
2025-02-27,657.6549072265625,688.0379111520425,656.9855198372225,681.8434098860729,12500000
2025-02-28,667.6060791015625,669.034800720811,642.0287972080544,657.4550757218477,17534200
2025-03-03,654.4677124023438,680.6444353602695,650.2614937084818,673.0811570323929,10843800
2025-03-04,639.4310913085938,649.1724243402481,623.0956495401799,644.9362031172728,21495200
2025-03-05,655.886474609375,658.9138106981253,637.09319610967,640.4302542191028,13770000
2025-03-06,627.371826171875,649.9817152601623,623.5552144493282,647.4239932814962,13446500
2025-03-07,625.1038208007812,634.2257099756501,600.0761000698269,624.8141005363861,21375700
2025-03-10,597.4584350585938,609.5676566741505,586.3483245399041,607.5294919896663,21999900
2025-03-11,605.171630859375,614.3834063038594,592.8026300616355,594.5210719524441,17401500
2025-03-12,619.00927734375,632.7670568528157,608.8083309497569,629.3401130606143,15747000
2025-03-13,590.114990234375,619.9484328172048,585.988656544404,619.6986550441117,16480300
2025-03-14,607.5999755859375,608.8599853515625,594.780029296875,602.7999877929688,12364500
2025-03-17,604.9000244140625,613.0999755859375,598.0,607.4600219726562,15473900
2025-03-18,582.3599853515625,600.25,574.6599731445312,600.0499877929688,20297700
2025-03-19,584.0599975585938,592.3200073242188,574.77001953125,584.280029296875,20537500
2025-03-20,586.0,610.2000122070312,579.510009765625,582.760009765625,24336500
2025-03-21,596.25,597.5399780273438,580.9500122070312,583.4199829101562,25015900
2025-03-24,618.8499755859375,622.5399780273438,612.2000122070312,614.969970703125,15722400
2025-03-25,625.7999877929688,633.8499755859375,621.185302734375,627.2000122070312,10237051
